모듈,대표 오브젝트,"부품 (분류 예시, 구매품 미선정)","정비 항목 (제안, 가정 주기)",비고
C01 의류 순환 보관,C01_CHAIN,"Side-flex roller chain 25.4 mm pitch x 208 links (class example, supplier to be selected)","Lubricate monthly (food-grade dry film); check elongation every 6 months, replace at 2 %",
C01 의류 순환 보관,C01_curtain_column,Type 4 light curtain 30 mm resolution; beam break stops chain (Cat 3 / PLd class example),,
C01 의류 순환 보관,C01_drive_encoder,Absolute multiturn encoder,,
C01 의류 순환 보관,C01_drive_gearbox,Hollow-shaft helical-worm gearmotor with brake (class example; ratio chosen for 0.25 m/s chain),Oil check yearly; brake air-gap check yearly,
C01 의류 순환 보관,C01_rfid_reader,HF RFID reader (ISO 15693) for adapter/item ID recheck,,
C01 의류 순환 보관,C01_staff_hmi,"7 in HMI: carrier to load, item ID, confirm",,
C01 의류 순환 보관,C01_staff_rfid,RFID/barcode scan pad for item registration at load,,
C01 의류 순환 보관,C01_takeup_scale,,Chain tension: set spring length per label; re-check monthly for first 3 months,
C01 의류 순환 보관,C01_track_east_n_outer,Aluminium U-track with UHMW wear strip (conveyor chain guide),Clean slot and wear strip quarterly; replace strip at 1 mm wear,
C01 의류 순환 보관,C01_wheel_E_guard_skirt,"Fixed guard over chain-wheel in-running nip (ISO 14120), clear polycarbonate top",Inspect through cover weekly; remove 8 screws for service after LOTO,
C01 의류 순환 보관,C01_wheel_E_rim,"128-pocket chain turn wheel, pitch Ø1035 mm",Inspect pocket wear yearly,
C02 의류 수령함 A,C02_Y_module,"Toothed-belt linear module 60x60, stroke 450 mm (class example)",Belt tension check yearly; grease carriage 6-monthly,
C02 의류 수령함 A,C02_Y_motor,AC servo 100 W with holding brake (class example),,
C02 의류 수령함 A,C02_Z_motor,"Stepper-servo 60 mm with brake, ball screw Ø12 lead 10 (class example)",,
C02 의류 수령함 A,C02_door_emlock,Electromagnetic lock with door-closed and lock-monitoring contacts,,
C02 의류 수령함 A,C02_removal_sensor,Diffuse ToF sensor: garment present / removed (customer pickup confirmation),,
C02 의류 수령함 A,C02_seat_sensor,Inductive sensor: adapter seated on receiver pin,,
C02 의류 수령함 A,C02_shutter_edge,"Safety edge (pressure-sensitive, EN ISO 13856-2 class example)",,
C02 의류 수령함 A,C02_shutter_motor,Tubular motor with brake and limit switches (class example),,
C02 의류 수령함 A,C02_wall_E,1.5 mm powder-coated steel liner (removable for service),,
C03 신발 VLM,C03_bay_curtain,Type 4 safety light curtain 14 mm resolution (bay access),,
C03 신발 VLM,C03_lift_gearbox,Servo gearmotor 400 W with holding brake on lift top shaft (class example),Brake test monthly (hold rated load); belt inspection 6-monthly,
C03 신발 VLM,C03_limit_BOTTOM,Overtravel limit switch (hard-wired to drive STO),,
C03 신발 VLM,C03_occ_N0,Slot occupancy photo sensor,,
C03 신발 VLM,C03_platform_pe,Tray-on-platform photo sensor,,
C03 신발 VLM,C03_port_pe,Tray at robot port photo-eye,,
C03 신발 VLM,C03_service_door,"Bolted service door (lift belts, extractor)",Belt tension & rail lube 6-monthly; LOTO + mechanical platform prop required,
C04 제어반,C04_contactor_1,Safety contactor K1,,
C04 제어반,C04_contactor_2,Safety contactor K2,,
C04 제어반,C04_io_1,Digital I/O,,
C04 제어반,C04_main_switch,"Main disconnect (lockable, door-coupled)",,
C04 제어반,C04_mcb_0,Miniature circuit breaker,,
C04 제어반,C04_plc_cpu,PLC CPU (EtherCAT master),,
C04 제어반,C04_psu_24v,24 V DC 20 A power supply,,
C04 제어반,C04_rcd,RCD 30 mA,,
C04 제어반,C04_safety_plc,"Safety controller (door, curtain, E-stop, STO)",,
C04 제어반,C04_servo_drive_0,Servo drive axis C01,,
C04 제어반,C04_servo_drive_1,Servo drive axis C02Y,,
C04 제어반,C04_servo_drive_2,Servo drive axis C02Z,,
C04 제어반,C04_servo_drive_3,Servo drive axis C03Z,,
C04 제어반,C04_servo_drive_4,Servo drive axis C03E,,
C04 제어반,C04_spd,Surge protective device,,
C04 제어반,C04_switch,Industrial Ethernet switch,,
C04 제어반,C04_terminal_0,Terminal block,,
C04 제어반,C04_ups,DC UPS / buffer module,,
C05 로봇·그리퍼,C05_controller,Robot control box (FR5e controller intended; UR CB box as placeholder size),,
C05 로봇·그리퍼,C05_gripper_body,"Servo electric parallel gripper (class example: 50 mm stroke, 24 V, IO-Link)",Replace finger inserts (POM) when V-groove wear > 0.5 mm; check jaw position sensor monthly,Grip force/payload to be selected with tool mass and CoG; not a rated purchased part
C05 로봇·그리퍼,C05_pedestal,"Welded steel pedestal 220x220x8, anchored M16 x4, levelled",Re-torque anchors yearly; check robot base bolts (M8 x4),
C06 신발 수령함 B,C06_door_emlock,Electromagnetic lock with monitoring contacts,,
C06 신발 수령함 B,C06_end_stop,PU end stop,,
C06 신발 수령함 B,C06_pe_HANDOVER,Retro-reflective photo-eye: tray present,,
C06 신발 수령함 B,C06_roller_07,"24 V motor-driven roller (MDR) Ø50, drives the zone via poly-V bands",,
C06 신발 수령함 B,C06_shutter_actuator,Electric cylinder 500 mm stroke (class example),,
C06 신발 수령함 B,C06_side_frame,"Folded 2 mm steel side frame, hex-shaft roller seats","Roller swap: lift out, no tools (spring shafts)",
C06 신발 수령함 B,C06_tof,ToF sensor looking down: shoes removed / tray empty check,,
셀 가드·정비,CELL_op_panel,"Operator station: E-stop, reset, AUTO/SERVICE key selector, unlock request",,
셀 가드·정비,CELL_svc_guardlock,"Guard-locking interlock (power-to-unlock, PLe class example, ISO 14119)",,
셀 가드·정비,CELL_tower_buzzer,"Signal tower: green = automatic, amber = service/attention, red = stopped/fault",,
,P_minsu_chair,"manual wheelchair (seat 0.48 m, 24 in rear wheels, 6 in casters)",,
,SB_NEW_pouch_L,Clear PE pouch,,
